date,Impact energy (kt),Velocity (kps),altitude (km),coord
6/18/2024,0.079,16.2,28.7,0
6/18/2024,1.2,35.4,44.3,"(('44.3', 'N'), ('173.2', 'E'))"
6/3/2024,0.092,0,60,"(('63.1', 'S'), ('53.2', 'W'))"
6/1/2024,0.25,12.6,26.5,"(('1.0', 'S'), ('15.9', 'W'))"
5/27/2024,0.26,39.2,56,"(('1.7', 'N'), ('39.4', 'W'))"
5/24/2024,0.18,36.5,42,"(('6.6', 'N'), ('114.2', 'E'))"
5/18/2024,0.13,40.4,74.3,"(('41.0', 'N'), ('8.8', 'W'))"
5/15/2024,0.098,0,64.2,"(('49.8', 'N'), ('54.1', 'W'))"
5/5/2024,0.13,13.9,39,"(('7.1', 'S'), ('112.7', 'W'))"
4/9/2024,0.11,0,36.3,"(('36.5', 'N'), ('37.8', 'W'))"
3/17/2024,0.13,25.6,42.1,"(('27.6', 'N'), ('117.2', 'E'))"
2/26/2024,0.13,31.3,33.1,"(('22.9', 'N'), ('57.1', 'E'))"
2/5/2024,0.15,14.4,23,"(('13.8', 'S'), ('123.7', 'E'))"
12/30/2023,0.6,28.3,37,"(('63.4', 'S'), ('79.9', 'E'))"
12/11/2023,0.36,26,31.7,"(('53.6', 'S'), ('146.0', 'E'))"
12/5/2023,0.076,20.6,24.1,"(('10.0', 'N'), ('42.9', 'E'))"
11/21/2023,0.13,18.3,37,"(('9.4', 'S'), ('17.4', 'E'))"
10/30/2023,0.092,17.6,33.8,"(('42.9', 'S'), ('44.7', 'W'))"
10/26/2023,0.78,30.2,44.2,"(('45.9', 'N'), ('174.8', 'W'))"
10/23/2023,0.18,0,39,"(('49.6', 'S'), ('75.4', 'E'))"
10/16/2023,0.1,19.8,35.3,"(('6.5', 'S'), ('65.4', 'W'))"
10/14/2023,0.18,19.3,37,"(('8.4', 'S'), ('161.9', 'W'))"
9/28/2023,0.16,0,37,"(('13.2', 'N'), ('72.4', 'E'))"
9/7/2023,0.076,0,0,"(('27.0', 'N'), ('150.8', 'E'))"
9/3/2023,0.082,0,37,"(('43.2', 'S'), ('102.2', 'E'))"
8/17/2023,0.25,16.1,35.4,"(('48.6', 'N'), ('100.1', 'E'))"
8/5/2023,3.8,21.8,44,"(('19.9', 'N'), ('131.7', 'W'))"
7/26/2023,0.44,15.6,36.1,"(('18.9', 'N'), ('103.4', 'W'))"
7/7/2023,0.092,25.7,38.3,"(('14.5', 'N'), ('126.6', 'W'))"
7/6/2023,0.1,0,71,"(('59.3', 'S'), ('145.4', 'W'))"
6/21/2023,1.4,16.5,40.4,"(('12.4', 'N'), ('62.8', 'E'))"
5/20/2023,7.2,27.9,29,"(('17.8', 'S'), ('141.9', 'E'))"
4/26/2023,0.086,16.2,29.6,"(('47.0', 'N'), ('10.7', 'W'))"
4/15/2023,6.3,17.2,41.4,"(('20.1', 'S'), ('36.0', 'E'))"
4/6/2023,0.23,22.1,31.2,"(('57.4', 'N'), ('109.9', 'E'))"
4/1/2023,0.086,46.4,61.8,"(('16.8', 'S'), ('76.0', 'E'))"
3/20/2023,0.095,0,34.8,"(('23.7', 'S'), ('132.6', 'E'))"
3/11/2023,1.1,0,32,"(('74.7', 'S'), ('79.5', 'E'))"
3/3/2023,0.2,25.3,32,"(('40.1', 'N'), ('87.4', 'E'))"
2/19/2023,0.57,23,37,"(('7.9', 'N'), ('109.9', 'E'))"
2/14/2023,0.52,15.6,32.3,"(('48.0', 'S'), ('53.3', 'W'))"
2/2/2023,0.1,0,33,"(('26.2', 'S'), ('143.1', 'W'))"
1/22/2023,0.073,0,61,"(('3.5', 'N'), ('76.2', 'W'))"
1/17/2023,0.1,14.2,38,"(('33.1', 'N'), ('173.7', 'W'))"
1/11/2023,0.15,17.5,33.5,"(('31.5', 'N'), ('18.6', 'E'))"
1/9/2023,0.28,16.7,27,"(('45.7', 'S'), ('135.0', 'E'))"
1/2/2023,0.16,0,44.6,"(('1.5', 'N'), ('129.0', 'E'))"
12/29/2022,0.2,16.4,32.3,"(('42.3', 'N'), ('92.9', 'E'))"
12/13/2022,0.2,18.7,20,"(('32.75', 'N'), ('2.1', 'W'))"
11/20/2022,0.11,0,50,"(('17.0', 'S'), ('95.7', 'W'))"
11/20/2022,0.12,21.7,26,"(('15.0', 'N'), ('109.7', 'W'))"
11/8/2022,0.13,0,41,"(('77.2', 'N'), ('93.2', 'W'))"
10/28/2022,0.16,0,45,"(('7.1', 'N'), ('118.9', 'W'))"
10/20/2022,0.16,0,65.6,"(('26.6', 'N'), ('165.1', 'E'))"
9/15/2022,0.095,0,31.5,"(('22.7', 'N'), ('97.6', 'E'))"
9/14/2022,0.11,17.4,35.8,"(('40.8', 'N'), ('63.4', 'E'))"
9/4/2022,0.086,21.9,14,"(('20.0', 'N'), ('165.9', 'E'))"
8/21/2022,0.076,0,37,"(('6.3', 'S'), ('51.5', 'E'))"
8/14/2022,1.2,0,55.5,"(('35.0', 'S'), ('78.4', 'E'))"
7/28/2022,0.68,29.9,37.5,"(('6.0', 'S'), ('86.9', 'W'))"
7/27/2022,1.3,19.8,38.1,"(('44.8', 'S'), ('2.9', 'W'))"
7/25/2022,0.27,15.2,33.6,"(('40.5', 'S'), ('76.6', 'E'))"
7/22/2022,0.19,17.4,32.7,"(('23.3', 'S'), ('20.5', 'W'))"
7/20/2022,0.27,16,32.2,"(('43.0', 'S'), ('59.6', 'W'))"
7/8/2022,0.095,20.2,22,"(('21.3', 'N'), ('130.1', 'E'))"
7/7/2022,1.8,0,35,"(('41.7', 'S'), ('175.0', 'E'))"
6/30/2022,0.28,0,56,"(('31.9', 'S'), ('12.9', 'W'))"
6/26/2022,0.21,20.1,19,"(('69.7', 'S'), ('164.7', 'E'))"
6/14/2022,0.28,0,61,"(('4.6', 'N'), ('39.1', 'W'))"
6/7/2022,0.11,24.9,41.1,"(('40.8', 'N'), ('127.1', 'W'))"
5/24/2022,0.37,0,39.8,"(('16.3', 'N'), ('30.4', 'W'))"
4/21/2022,0.13,12.7,28.4,"(('55.5', 'S'), ('68.9', 'W'))"
4/12/2022,0.17,20.6,23.8,"(('8.2', 'S'), ('57.8', 'E'))"
4/4/2022,0.095,19.7,31.5,"(('3.2', 'S'), ('64.3', 'W'))"
3/30/2022,0.073,0,74,"(('45.9', 'S'), ('171.4', 'W'))"
3/28/2022,0.98,19.6,29,"(('7.7', 'S'), ('74.3', 'E'))"
3/24/2022,0.24,18.2,56.7,"(('1.9', 'N'), ('20.6', 'W'))"
3/11/2022,4,17.2,33.3,"(('70.0', 'N'), ('9.1', 'W'))"
3/6/2022,0.073,0,0,"(('4.1', 'S'), ('99.5', 'W'))"
3/3/2022,0.076,0,72,"(('50.4', 'S'), ('45.9', 'E'))"
2/17/2022,0.095,0,41,"(('33.5', 'N'), ('38.9', 'W'))"
2/17/2022,0.21,21.5,32.4,"(('5.4', 'N'), ('56.4', 'E'))"
2/7/2022,7,13.1,26.5,"(('28.7', 'S'), ('11.4', 'E'))"
2/3/2022,0.44,22.8,36,"(('13.3', 'S'), ('142.2', 'E'))"
1/30/2022,0.18,20,36.6,"(('50.0', 'N'), ('38.0', 'W'))"
1/28/2022,0.9,0,37,"(('4.5', 'S'), ('73.9', 'W'))"
1/11/2022,2.9,22.8,40.8,"(('58.4', 'S'), ('160.2', 'W'))"
1/1/2022,0.42,0,35.5,"(('66.1', 'N'), ('152.6', 'W'))"
12/29/2021,0.073,22,44,"(('69.7', 'S'), ('115.0', 'E'))"
12/23/2021,0.076,0,37,"(('4.9', 'S'), ('29.6', 'W'))"
12/20/2021,0.11,18.2,56,"(('62.7', 'N'), ('60.3', 'E'))"
12/10/2021,0.16,0,27.5,"(('47.5', 'S'), ('172.6', 'E'))"
11/28/2021,0.13,19.7,38.4,"(('32.6', 'N'), ('113.5', 'E'))"
11/17/2021,0.086,23,35,"(('6.8', 'S'), ('119.1', 'E'))"
11/8/2021,0.11,0,36,"(('33.8', 'S'), ('7.7', 'W'))"
10/28/2021,0.1,0,35.2,"(('4.1', 'S'), ('138.7', 'W'))"
10/21/2021,0.13,15.9,30,"(('51.5', 'N'), ('51.4', 'E'))"
10/20/2021,0.19,0,28,"(('13.8', 'N'), ('140.4', 'W'))"
10/20/2021,0.073,27.5,31.4,"(('59.0', 'N'), ('154.3', 'E'))"
9/29/2021,0.4,21.2,28,"(('53.9', 'N'), ('148.0', 'W'))"
9/6/2021,0.11,13.6,26,"(('2.1', 'S'), ('111.8', 'W'))"
7/30/2021,0.42,0,63,"(('7.8', 'S'), ('90.1', 'E'))"
7/29/2021,0.13,14.7,26.4,"(('42.4', 'N'), ('98.4', 'E'))"
7/7/2021,0.11,0,0,"((None, None), (None, None))"
7/5/2021,1.8,15.7,43.4,"(('44.3', 'N'), ('164.2', 'W'))"
6/9/2021,0.082,0,0,"(('17.9', 'S'), ('55.3', 'W'))"
5/16/2021,0.13,0,37,"(('52.1', 'S'), ('171.2', 'W'))"
5/6/2021,0.076,26.6,31,"(('34.7', 'S'), ('141.0', 'E'))"
5/2/2021,0.089,0,0,"(('12.3', 'N'), ('43.4', 'W'))"
4/13/2021,0.076,14.1,44.4,"(('26.8', 'N'), ('79.1', 'W'))"
4/2/2021,0.4,0,40,"(('71.2', 'N'), ('106.7', 'E'))"
3/6/2021,0.41,0,31.1,"(('48.6', 'S'), ('90.4', 'E'))"
3/5/2021,0.13,0,32.5,"(('81.1', 'S'), ('141.1', 'E'))"
2/28/2021,0.098,0,0,"(('9.2', 'N'), ('64.1', 'W'))"
2/9/2021,0.1,0,31,"(('75.8', 'N'), ('92.8', 'W'))"
2/2/2021,0.11,0,20,"(('48.7', 'N'), ('80.1', 'E'))"
1/31/2021,0.72,0,39.4,"(('5.3', 'N'), ('115.2', 'E'))"
1/29/2021,0.24,0,30,"(('38.8', 'N'), ('51.3', 'W'))"
1/25/2021,0.23,0,19.1,"(('38.5', 'N'), ('47.6', 'W'))"
1/24/2021,0.2,0,37.5,"(('45.0', 'S'), ('95.5', 'E'))"
12/29/2020,0.16,0,33,"(('14.9', 'N'), ('158.2', 'W'))"
12/28/2020,0.18,0,28.3,"(('36.8', 'N'), ('54.7', 'W'))"
12/22/2020,9.5,13.6,35.5,"(('31.9', 'N'), ('96.2', 'E'))"
11/28/2020,0.092,19.6,28.1,"(('33.3', 'N'), ('135.1', 'E'))"
11/25/2020,0.076,0,0,"(('30.5', 'S'), ('81.0', 'W'))"
11/7/2020,0.33,16.7,22.3,"(('59.8', 'N'), ('16.8', 'E'))"
10/26/2020,0.34,17.6,28.5,"(('5.9', 'S'), ('160.4', 'E'))"
10/23/2020,0.25,0,48,"(('30.0', 'N'), ('71.9', 'W'))"
10/22/2020,0.15,17.6,40,"(('22.0', 'N'), ('133.5', 'W'))"
10/21/2020,0.079,0,0,"(('12.9', 'N'), ('150.2', 'W'))"
10/21/2020,0.095,0,39,"(('29.7', 'S'), ('93.9', 'W'))"
10/19/2020,0.076,0,40.7,"(('48.6', 'N'), ('93.9', 'E'))"
10/18/2020,0.12,16.4,36,"(('11.4', 'S'), ('135.8', 'W'))"
9/18/2020,0.14,11.7,46,"(('2.4', 'N'), ('169.7', 'W'))"
8/30/2020,0.2,23.4,27.8,"(('26.0', 'N'), ('133.5', 'E'))"
8/2/2020,0.23,11.1,38,"(('35.1', 'S'), ('34.2', 'W'))"
7/22/2020,0.079,0,36,"(('20.0', 'S'), ('103.8', 'W'))"
7/20/2020,0.16,14.1,31.6,"(('51.8', 'S'), ('11.2', 'W'))"
7/12/2020,0.23,18.3,29.4,"(('48.7', 'S'), ('74.0', 'E'))"
5/27/2020,0.18,14.9,29.3,"(('40.8', 'N'), ('41.7', 'E'))"
5/18/2020,0.46,0,25,"(('38.7', 'S'), ('77.2', 'E'))"
5/12/2020,0.26,0,0,"(('15.9', 'N'), ('174.2', 'E'))"
5/9/2020,0.14,0,52.5,"(('7.2', 'N'), ('44.2', 'W'))"
5/9/2020,0.14,14.5,31.2,"(('44.8', 'N'), ('131.0', 'W'))"
4/28/2020,0.076,0,0,"(('20.1', 'N'), ('109.4', 'W'))"
4/18/2020,0.095,0,0,"(('12.5', 'N'), ('49.8', 'W'))"
4/14/2020,0.073,0,0,"(('65.6', 'S'), ('45.6', 'W'))"
3/26/2020,0.37,20.7,26.5,"(('38.3', 'S'), ('23.5', 'E'))"
3/23/2020,0.39,0,25,"(('24.4', 'S'), ('67.9', 'W'))"
3/22/2020,0.089,0,0,"((None, None), (None, None))"
3/4/2020,1,19.8,24.3,"(('53.3', 'S'), ('90.8', 'E'))"
2/28/2020,0.34,21.5,34.5,"(('45.7', 'N'), ('15.1', 'E'))"
2/24/2020,0.073,0,0,"(('3.6', 'N'), ('96.0', 'W'))"
2/10/2020,0.095,31.7,41.7,"(('28.2', 'N'), ('76.7', 'E'))"
1/27/2020,0.15,19.8,32.5,"(('30.4', 'N'), ('1.5', 'E'))"
1/24/2020,0.092,21.2,32,"(('28.0', 'N'), ('35.8', 'W'))"
1/21/2020,0.098,27.4,43.3,"(('33.1', 'N'), ('34.3', 'E'))"
1/17/2020,0.29,15.5,14.5,"(('19.4', 'N'), ('66.0', 'W'))"
1/16/2020,0.19,12.9,27.8,"(('71.7', 'S'), ('116.4', 'W'))"
1/15/2020,0.55,0,31.5,"(('23.7', 'S'), ('125.2', 'W'))"
1/6/2020,0.15,0,0,"(('70.4', 'S'), ('17.5', 'W'))"
12/21/2019,0.21,22.2,35.5,"(('56.5', 'N'), ('147.6', 'W'))"
12/11/2019,0.13,17.8,37,"(('47.7', 'N'), ('161.7', 'E'))"
12/6/2019,0.15,0,19.5,"(('3.3', 'S'), ('37.7', 'W'))"
12/3/2019,0.14,0,61.5,"(('5.6', 'N'), ('52.2', 'W'))"
11/28/2019,0.095,13,35,"(('35.7', 'N'), ('31.7', 'W'))"
11/28/2019,0.092,0,0,"((None, None), (None, None))"
11/28/2019,0.089,24.7,22.5,"(('22.1', 'S'), ('25.7', 'E'))"
11/5/2019,0.33,27.4,38,"(('10.4', 'S'), ('143.3', 'W'))"
10/22/2019,0.095,0,40.7,"(('12.0', 'N'), ('76.0', 'W'))"
10/10/2019,0.57,14.1,47.3,"(('44.3', 'N'), ('122.9', 'E'))"
9/28/2019,0.082,20.4,52,"(('12.5', 'S'), ('107.2', 'W'))"
9/27/2019,0.12,0,0,"(('25.7', 'N'), ('28.4', 'W'))"
9/14/2019,0.33,15.9,38,"(('38.6', 'S'), ('33.5', 'W'))"
9/13/2019,0.14,13.5,27.4,"(('18.6', 'S'), ('126.9', 'E'))"
9/12/2019,0.48,18.5,42,"(('54.5', 'N'), ('9.2', 'E'))"
9/12/2019,0.19,17.2,30.6,"(('24.9', 'N'), ('47.8', 'W'))"
8/24/2019,0.13,13.4,39.8,"(('21.9', 'N'), ('130.4', 'W'))"
8/22/2019,0.073,0,30.2,"(('24.4', 'S'), ('92.9', 'W'))"
8/16/2019,0.089,14.9,36,"(('38.9', 'N'), ('7.0', 'E'))"
7/23/2019,0.69,16.1,30.6,"(('44.6', 'N'), ('147.6', 'W'))"
6/30/2019,0.11,42.3,59,"(('21.2', 'N'), ('129.5', 'W'))"
6/30/2019,0.076,0,0,"(('2.5', 'S'), ('168.7', 'E'))"
6/22/2019,6,14.9,25,"(('14.9', 'N'), ('66.2', 'W'))"
6/20/2019,0.098,0,37,"(('7.3', 'N'), ('67.6', 'W'))"
5/26/2019,0.14,17.5,24.4,"(('56.6', 'N'), ('25.3', 'W'))"
5/25/2019,0.16,15.8,29.2,"(('19.2', 'S'), ('89.4', 'E'))"
5/22/2019,0.29,0,32.6,"(('10.8', 'N'), ('37.3', 'W'))"
5/21/2019,1.6,11.5,31.5,"(('38.8', 'S'), ('137.5', 'E'))"
5/19/2019,0.11,15.2,33.3,"(('23.6', 'S'), ('132.8', 'E'))"
5/12/2019,0.076,0,0,"(('6.2', 'N'), ('57.1', 'W'))"
5/4/2019,0.079,0,26.5,"(('28.4', 'N'), ('88.3', 'W'))"
4/22/2019,0.37,11.4,33.3,"(('48.8', 'S'), ('67.8', 'E'))"
4/14/2019,0.1,15.9,30.6,"(('18.3', 'N'), ('74.6', 'W'))"
4/6/2019,0.22,18.1,41.5,"(('56.5', 'N'), ('94.9', 'E'))"
4/4/2019,0.098,0,0,"(('35.3', 'N'), ('93.9', 'W'))"
3/27/2019,0.079,0,0,"(('41.8', 'S'), ('7.4', 'W'))"
3/19/2019,0.073,16.2,28.7,"(('24.0', 'S'), ('140.3', 'E'))"
3/15/2019,0.15,14.4,31.5,"(('63.7', 'N'), ('95.7', 'E'))"
2/18/2019,4.2,20.8,26,"(('15.5', 'S'), ('25.3', 'E'))"
2/1/2019,1.4,16.3,23.7,"(('22.5', 'N'), ('83.8', 'W'))"
1/29/2019,0.089,0,0,"((None, None), (None, None))"
1/22/2019,0.12,11.6,42.5,"(('18.0', 'N'), ('6.5', 'E'))"
12/23/2018,0.27,16.5,31.8,"(('47.5', 'S'), ('174.4', 'W'))"
12/18/2018,49,13.6,26,"(('56.9', 'N'), ('172.4', 'E'))"
11/20/2018,1.1,17.4,27.4,"(('25.3', 'N'), ('6.7', 'W'))"
11/17/2018,0.61,19.1,32.5,"(('47.3', 'N'), ('172.9', 'W'))"
11/15/2018,0.073,0,0,"(('42', 'N'), ('57', 'W'))"
11/14/2018,0.13,0,37,"(('37.6', 'S'), ('83.5', 'E'))"
10/24/2018,0.16,0,33.3,"(('6.7', 'S'), ('148.6', 'W'))"
10/22/2018,0.092,0,0,"((None, None), (None, None))"
10/5/2018,0.13,14.7,31.5,"(('39.8', 'S'), ('31.7', 'W'))"
9/25/2018,1.9,16.5,33,"(('23.5', 'S'), ('56.8', 'E'))"
9/25/2018,0.17,12.5,40.7,"(('34.3', 'S'), ('44.9', 'E'))"
9/20/2018,0.26,11.1,0,"(('67.3', 'S'), ('75.1', 'E'))"
9/17/2018,0.43,0,0,"(('6.8', 'S'), ('27.8', 'W'))"
9/13/2018,0.14,0,0,"(('42.5', 'N'), ('50.1', 'W'))"
8/27/2018,0.086,16.1,33,"(('1.7', 'S'), ('141.4', 'E'))"
8/21/2018,0.079,0,37,"(('39.2', 'S'), ('162.9', 'W'))"
7/27/2018,0.32,0,32,"(('58.8', 'S'), ('105.8', 'E'))"
7/25/2018,2.1,24.4,43.3,"(('76.9', 'N'), ('69.0', 'W'))"
7/17/2018,0.59,0,0,"(('82.5', 'N'), ('136.7', 'W'))"
6/26/2018,0.1,14.1,63,"(('32.0', 'N'), ('12.1', 'E'))"
6/21/2018,2.8,14.4,27.2,"(('52.8', 'N'), ('38.1', 'E'))"
6/2/2018,0.98,16.9,28.7,"(('21.2', 'S'), ('23.3', 'E'))"
5/12/2018,0.54,0,34,"(('6.5', 'S'), ('173.7', 'E'))"
5/8/2018,0.23,0,0,"(('32', 'N'), ('60.7', 'W'))"
5/3/2018,0.13,11.5,39,"(('46.9', 'N'), ('7.5', 'W'))"
4/30/2018,0.1,13.1,34,"(('45.5', 'S'), ('1.4', 'W'))"
4/21/2018,0.12,14.6,28.2,"(('59.0', 'S'), ('45.8', 'E'))"
4/19/2018,0.23,20.9,30,"(('7.5', 'N'), ('3.6', 'E'))"
4/19/2018,1.3,10.9,31.5,"(('22.2', 'S'), ('72.6', 'E'))"
4/7/2018,0.27,0,31.5,"(('72.4', 'N'), ('78.7', 'W'))"
2/21/2018,0.22,13.1,31.5,"(('13.5', 'S'), ('37.1', 'W'))"
2/15/2018,0.095,0,50.7,"(('43.8', 'S'), ('1.1', 'W'))"
2/12/2018,0.13,0,0,"(('15.9', 'S'), ('58.9', 'W'))"
2/8/2018,0.7,0,43.5,"(('42.9', 'N'), ('179.7', 'E'))"
2/1/2018,0.53,16.5,37,"(('19.4', 'S'), ('104.3', 'E'))"
1/22/2018,0.11,0,0,"(('14.0', 'N'), ('17.4', 'W'))"
1/15/2018,0.56,23.7,43.6,"(('52.0', 'S'), ('57.2', 'E'))"
1/6/2018,0.098,21,26,"(('55.8', 'N'), ('52.5', 'E'))"
1/6/2018,0.12,0,26,"(('39.5', 'S'), ('12.8', 'E'))"
12/31/2017,0.15,0,64.5,"(('63.5', 'S'), ('101.3', 'W'))"
12/29/2017,0.33,0,38,"(('14.6', 'N'), ('49.5', 'W'))"
12/28/2017,0.34,0,0,"((None, None), (None, None))"
12/15/2017,6.4,31.4,20,"(('60.2', 'N'), ('170.0', 'E'))"
11/19/2017,0.098,11.4,33.3,"(('24.2', 'S'), ('135.0', 'E'))"
10/26/2017,1.4,0,42.5,"(('21.3', 'S'), ('177.6', 'E'))"
10/23/2017,0.086,16.7,35.4,"(('28.8', 'N'), ('44.6', 'E'))"
10/15/2017,0.11,15.9,24.1,"(('65.2', 'S'), ('128.2', 'E'))"
10/9/2017,0.1,0,0,"(('18.3', 'S'), ('64.1', 'W'))"
10/4/2017,0.54,14.6,37,"(('28.1', 'N'), ('99.4', 'E'))"
9/5/2017,0.13,14.7,36,"(('49.3', 'N'), ('116.9', 'W'))"
7/31/2017,0.19,0,0,"(('24.7', 'N'), ('118.5', 'W'))"
7/23/2017,0.12,17.2,38,"(('6.6', 'S'), ('69.7', 'W'))"
7/13/2017,0.23,13.7,35,"(('23.1', 'N'), ('60.7', 'E'))"
6/30/2017,0.29,15.2,20,"(('34.3', 'S'), ('134.5', 'E'))"
6/23/2017,0.52,24.3,35.1,"(('57.0', 'N'), ('143.7', 'E'))"
6/20/2017,1.6,13.6,33.3,"(('54.2', 'S'), ('133.0', 'E'))"
5/24/2017,0.28,18.4,46,"(('9.1', 'S'), ('101.8', 'E'))"
5/22/2017,0.12,0,33,"(('49.6', 'S'), ('157.6', 'W'))"
5/14/2017,0.12,0,33,"(('26.0', 'S'), ('32.4', 'E'))"
4/30/2017,0.43,21.5,32.4,"(('25.7', 'S'), ('56.2', 'E'))"
3/11/2017,2.9,0,28,"(('28.3', 'N'), ('60.2', 'W'))"
3/9/2017,1,36.5,23,"(('40.5', 'N'), ('18.0', 'W'))"
3/8/2017,0.23,0,37,"(('26.1', 'S'), ('174.9', 'E'))"
2/25/2017,0.21,12.2,25.4,"(('29.5', 'N'), ('13.5', 'E'))"
2/22/2017,0.13,0,0,"(('50.7', 'S'), ('66.0', 'W'))"
2/18/2017,0.79,24.2,38,"(('6.2', 'N'), ('60.4', 'E'))"
2/7/2017,0.073,0,54,"(('27.4', 'S'), ('14.8', 'W'))"
2/6/2017,0.21,0,33.5,"(('10.4', 'N'), ('131.6', 'E'))"
12/23/2016,0.13,29.7,42,"(('21.3', 'N'), ('49.3', 'E'))"
12/7/2016,0.35,0,0,"(('34.5', 'S'), ('126.6', 'W'))"
11/29/2016,0.11,0,0,"(('30.6', 'S'), ('93.1', 'W'))"
11/24/2016,0.4,17.4,30.6,"(('15.2', 'S'), ('80.3', 'E'))"
11/3/2016,0.24,0,37,"(('39.6', 'S'), ('16.3', 'W'))"
10/1/2016,0.11,14.2,27.8,"(('36.2', 'N'), ('6.7', 'E'))"
9/22/2016,0.22,17.5,40,"(('51.8', 'S'), ('178.5', 'E'))"
9/14/2016,0.24,18.3,54,"(('3.5', 'S'), ('44.6', 'E'))"
8/27/2016,0.41,0,42,"(('56.9', 'S'), ('162.2', 'E'))"
8/11/2016,0.52,14.9,34.3,"(('43.7', 'S'), ('53.8', 'E'))"
8/5/2016,0.36,0,32.4,"(('46.4', 'N'), ('171.6', 'E'))"
7/21/2016,0.15,0,37,"(('7.8', 'N'), ('1.6', 'W'))"
7/5/2016,0.44,25.1,38.2,"(('1.0', 'N'), ('48.6', 'E'))"
6/27/2016,1.2,29.1,33.3,"(('15.8', 'N'), ('11.9', 'W'))"
6/5/2016,0.87,14.5,28.7,"(('17.4', 'S'), ('138.3', 'E'))"
6/2/2016,0.49,0,0,"(('33.8', 'N'), ('110.9', 'W'))"
5/29/2016,0.22,0,32,"(('10.2', 'N'), ('48.8', 'W'))"
5/20/2016,0.073,20.8,30.6,"(('32.8', 'S'), ('15.1', 'E'))"
5/16/2016,1.3,12.2,41.7,"(('3.2', 'N'), ('6.6', 'E'))"
5/13/2016,0.31,0,33,"(('26.2', 'N'), ('122.3', 'W'))"
4/24/2016,0.42,0,50,"(('9.8', 'N'), ('42.8', 'W'))"
4/18/2016,0.62,17.1,31.5,"(('20.7', 'N'), ('14.5', 'W'))"
4/12/2016,0.073,0,0,"(('38.3', 'N'), ('162.2', 'E'))"
4/10/2016,1.6,15.1,35.2,"(('22.0', 'N'), ('149.0', 'E'))"
3/16/2016,0.11,13.3,42,"(('49.2', 'S'), ('6.3', 'W'))"
3/3/2016,0.19,11.7,31.8,"(('48.0', 'S'), ('51.0', 'E'))"
2/23/2016,0.12,17.9,44,"(('32.3', 'N'), ('67.2', 'E'))"
2/21/2016,0.96,0,32,"(('36.5', 'N'), ('37.2', 'W'))"
2/19/2016,0.56,15.5,39.4,"(('0.7', 'N'), ('11.6', 'W'))"
2/13/2016,0.17,0,0,"(('3.1', 'N'), ('117.9', 'E'))"
2/6/2016,13,15.6,31,"(('30.4', 'S'), ('25.5', 'W'))"
1/27/2016,0.16,11.5,37,"(('45.8', 'S'), ('53.6', 'E'))"
1/21/2016,0.15,18.1,42.5,"(('10.8', 'S'), ('0.7', 'E'))"
12/30/2015,0.079,0,39,"(('33.8', 'N'), ('160.7', 'W'))"
12/21/2015,0.26,12.1,42.2,"(('5.9', 'N'), ('143.0', 'E'))"
12/8/2015,0.55,0,38,"(('69.9', 'S'), ('150.5', 'E'))"
11/13/2015,0.31,0,28,"(('16.0', 'N'), ('124.3', 'E'))"
11/2/2015,0.24,0,37,"(('41.4', 'S'), ('33.0', 'E'))"
10/31/2015,0.29,0,71,"(('9.0', 'N'), ('138.0', 'W'))"
10/30/2015,0.51,0,0,"(('85.0', 'S'), ('161.7', 'W'))"
10/13/2015,0.082,12.9,38.9,"(('8.0', 'S'), ('52.5', 'W'))"
10/11/2015,0.1,0,0,"(('55.4', 'S'), ('18.8', 'W'))"
10/10/2015,0.12,11.8,51.8,"(('51.0', 'S'), ('21.1', 'W'))"
10/4/2015,0.15,0,36.1,"(('22.0', 'N'), ('171.6', 'W'))"
9/17/2015,0.3,0,0,"(('43.1', 'S'), ('94.9', 'E'))"
9/14/2015,0.22,0,0,"(('5.8', 'N'), ('15.2', 'W'))"
9/8/2015,0.073,16.1,44.4,"(('6.3', 'N'), ('29.9', 'E'))"
9/7/2015,3.9,21,29.3,"(('14.5', 'N'), ('98.9', 'E'))"
9/2/2015,0.13,24.1,39.8,"(('39.1', 'N'), ('40.2', 'E'))"
8/4/2015,0.1,0,0,"(('9.6', 'S'), ('125.9', 'E'))"
7/19/2015,0.082,17.8,22,"(('20.6', 'N'), ('87.6', 'W'))"
7/12/2015,0.079,0,41,"(('31.0', 'N'), ('159.6', 'E'))"
7/4/2015,0.18,49,46.3,"(('38.6', 'N'), ('103.1', 'E'))"
6/14/2015,0.22,31.9,32.4,"(('6.3', 'N'), ('124.1', 'E'))"
6/12/2015,0.5,0,43.5,"(('1.3', 'S'), ('32.1', 'W'))"
6/10/2015,1,0,61.1,"(('11.5', 'S'), ('161.9', 'W'))"
6/2/2015,0.99,0,0,"(('6.4', 'S'), ('142.7', 'W'))"
5/20/2015,0.12,0,32.4,"(('1.0', 'N'), ('172.6', 'E'))"
5/18/2015,0.14,0,29,"(('32.4', 'N'), ('139.1', 'E'))"
5/10/2015,0.42,12.2,29.6,"(('46.3', 'S'), ('179.3', 'W'))"
5/7/2015,0.17,17.3,37,"(('21.5', 'S'), ('29.3', 'W'))"
4/30/2015,0.32,12.9,26.7,"(('48.7', 'S'), ('139.1', 'E'))"
4/21/2015,0.27,21.3,37.4,"(('37.7', 'N'), ('39.6', 'W'))"
4/10/2015,0.21,0,0,"(('42.8', 'S'), ('8.2', 'E'))"
4/8/2015,0.49,19.2,36.3,"(('25.5', 'S'), ('51.5', 'E'))"
4/3/2015,0.14,0,0,"(('8.4', 'N'), ('157.9', 'W'))"
3/30/2015,0.2,13.8,33.1,"(('36.1', 'S'), ('5.5', 'W'))"
3/18/2015,0.36,0,50,"(('5.4', 'S'), ('159.3', 'E'))"
3/11/2015,0.23,19.9,35.2,"(('8.0', 'N'), ('119.1', 'E'))"
3/8/2015,0.073,0,0,"(('39.1', 'S'), ('118.6', 'W'))"
3/4/2015,0.18,18,39.8,"(('15.9', 'S'), ('88.1', 'E'))"
2/26/2015,0.53,21.1,33.7,"(('68.0', 'N'), ('149.0', 'W'))"
2/25/2015,0.19,0,42,"(('12.4', 'N'), ('122.4', 'W'))"
2/17/2015,0.11,28.8,39,"(('8.0', 'S'), ('11.2', 'W'))"
1/9/2015,0.079,0,0,"(('23.3', 'S'), ('49.2', 'W'))"
1/9/2015,0.41,17.5,36,"(('2.0', 'N'), ('28.8', 'E'))"
1/7/2015,0.4,35.7,45.5,"(('45.7', 'N'), ('26.9', 'E'))"
1/2/2015,0.073,18.1,38.1,"(('31.1', 'S'), ('140.0', 'E'))"
12/13/2014,0.15,21.7,30.7,"(('86.7', 'N'), ('162.1', 'W'))"
12/12/2014,0.11,12,26.3,"(('33.5', 'N'), ('144.9', 'E'))"
12/9/2014,0.24,0,26.3,"(('76.6', 'N'), ('96.3', 'E'))"
11/28/2014,1.7,13.4,26.1,"(('45.8', 'S'), ('172.7', 'W'))"
11/27/2014,0.18,0,38,"(('18.8', 'S'), ('73.4', 'W'))"
11/26/2014,0.35,25.3,23.3,"(('69.5', 'S'), ('179.7', 'W'))"
11/26/2014,0.32,19.9,37,"(('68.2', 'S'), ('24.0', 'W'))"
11/4/2014,0.45,16,22.2,"(('43.1', 'N'), ('115.8', 'E'))"
10/21/2014,0.12,0,0,"(('22.2', 'N'), ('132.9', 'W'))"
10/17/2014,0.23,0,39,"(('4.6', 'S'), ('66.3', 'W'))"
10/14/2014,0.1,16.9,27.2,"(('2.0', 'S'), ('119.2', 'E'))"
10/6/2014,0.13,0,0,"(('43.7', 'S'), ('85.7', 'E'))"
9/9/2014,0.098,0,32.5,"(('3.2', 'N'), ('137.2', 'E'))"
9/5/2014,0.12,0,0,"(('22.7', 'N'), ('150.0', 'W'))"
8/29/2014,0.092,0,0,"(('6.2', 'S'), ('49.9', 'W'))"
8/28/2014,0.12,0,0,"(('3.2', 'N'), ('45.4', 'W'))"
8/23/2014,7.6,16.2,22.2,"(('61.7', 'S'), ('132.6', 'E'))"
7/29/2014,0.23,0,0,"(('49.2', 'S'), ('172.2', 'W'))"
7/29/2014,0.17,0,0,"(('33.9', 'S'), ('115.9', 'W'))"
6/28/2014,0.67,12.4,26.3,"(('18.9', 'N'), ('141.2', 'E'))"
6/26/2014,0.2,11.2,28.5,"(('71.5', 'S'), ('93.4', 'E'))"
5/29/2014,0.19,0,28.7,"(('21.9', 'N'), ('131.1', 'W'))"
5/16/2014,0.4,18,30.8,"(('39.4', 'S'), ('95.9', 'W'))"
5/16/2014,0.82,16.5,44,"(('44.2', 'S'), ('176.2', 'W'))"
5/8/2014,2.4,19,35.4,"(('36.9', 'S'), ('87.3', 'E'))"
3/29/2014,0.13,16.3,30.7,"(('28.7', 'S'), ('121.5', 'E'))"
3/18/2014,1.3,0,30.5,"(('0.0', 'N'), ('111.8', 'W'))"
3/3/2014,0.29,0,0,"(('29.0', 'S'), ('94.9', 'W'))"
2/18/2014,0.092,0,0,"(('32.8', 'S'), ('61.5', 'W'))"
2/13/2014,1.5,0,25,"(('13.3', 'N'), ('110.7', 'W'))"
1/15/2014,0.41,0,29.6,"(('18.5', 'S'), ('141.8', 'E'))"
1/12/2014,0.24,16.2,37,"(('2.9', 'N'), ('64.4', 'E'))"
1/8/2014,0.11,44.8,18.7,"(('1.3', 'S'), ('147.6', 'E'))"
12/23/2013,0.43,15.1,34.3,"(('39.5', 'N'), ('2.0', 'E'))"
12/8/2013,0.2,11.8,23.5,"(('32.8', 'N'), ('165.1', 'W'))"
11/21/2013,0.23,12.4,59.3,"(('44.7', 'N'), ('35.3', 'E'))"
10/12/2013,3.5,12.8,22.2,"(('19.1', 'S'), ('25.0', 'W'))"
10/9/2013,0.19,0,0,"((None, None), (None, None))"
9/24/2013,0.46,0,40.7,"(('10.3', 'S'), ('164.7', 'W'))"
8/12/2013,0.15,0,66.6,"(('34.4', 'S'), ('118.2', 'E'))"
7/31/2013,0.13,0,0,"((None, None), (None, None))"
7/31/2013,0.22,17.8,29.1,"(('31.8', 'S'), ('137.1', 'E'))"
7/30/2013,1,18.8,25.6,"(('50.2', 'S'), ('90.2', 'E'))"
7/27/2013,0.36,22.1,26.5,"(('0.3', 'N'), ('156.2', 'E'))"
7/26/2013,0.073,0,37,"(('21.0', 'N'), ('178.5', 'W'))"
7/18/2013,0.079,0,0,"((None, None), (None, None))"
6/13/2013,0.079,0,0,"((None, None), (None, None))"
6/1/2013,0.12,0,28.9,"(('65.6', 'S'), ('138.4', 'E'))"
5/14/2013,0.073,0,0,"(('3.0', 'S'), ('76.4', 'E'))"
4/30/2013,10,12.1,21.2,"(('35.5', 'N'), ('30.7', 'W'))"
4/21/2013,2.5,14.9,40.7,"(('28.1', 'S'), ('64.6', 'W'))"
3/12/2013,0.1,0,26,"(('32.7', 'S'), ('17.1', 'E'))"
2/20/2013,0.1,13.6,0,"(('23.0', 'S'), ('38.8', 'W'))"
2/15/2013,440,18.6,23.3,"(('54.8', 'N'), ('61.1', 'E'))"
2/7/2013,0.21,0,0,"(('18.8', 'S'), ('158.6', 'W'))"
1/25/2013,6.9,0,0,"(('60.3', 'N'), ('64.6', 'W'))"
1/12/2013,0.16,0,36.1,"(('15.1', 'S'), ('155.6', 'W'))"
12/30/2012,0.55,0,0,"(('17.3', 'N'), ('83.6', 'W'))"
12/18/2012,0.095,0,0,"((None, None), (None, None))"
11/20/2012,0.089,14.3,33.3,"(('2.5', 'N'), ('29.6', 'E'))"
11/20/2012,0.36,0,0,"(('8.0', 'S'), ('86.0', 'W'))"
10/25/2012,0.1,0,0,"((None, None), (None, None))"
10/19/2012,0.082,13.2,29.3,"(('75.4', 'S'), ('49.6', 'E'))"
10/9/2012,0.58,13.5,27.8,"(('51.2', 'N'), ('84.6', 'W'))"
10/3/2012,0.75,17,0,"(('41.5', 'S'), ('21.9', 'W'))"
10/2/2012,1.2,15.4,35,"(('8.1', 'S'), ('111.9', 'W'))"
9/28/2012,0.13,0,0,"(('6.9', 'S'), ('73.7', 'E'))"
9/18/2012,0.67,18.3,28.1,"(('1.2', 'N'), ('52.2', 'W'))"
9/11/2012,0.17,0,0,"(('18.9', 'S'), ('105.2', 'E'))"
9/10/2012,0.082,16.9,23.8,"(('69.8', 'S'), ('111.7', 'W'))"
8/27/2012,0.22,28.9,38.7,"(('18.3', 'S'), ('64.2', 'E'))"
8/26/2012,0.68,12.7,36,"(('11.8', 'N'), ('117.0', 'E'))"
8/13/2012,0.11,0,0,"((None, None), (None, None))"
7/27/2012,0.12,0,27.2,"(('63.1', 'N'), ('172.3', 'E'))"
7/25/2012,0.39,18.5,26.8,"(('36.4', 'N'), ('41.5', 'E'))"
6/5/2012,0.086,0,0,"((None, None), (None, None))"
5/25/2012,0.19,0,0,"(('41.8', 'S'), ('36.2', 'W'))"
5/22/2012,0.59,0,0,"((None, None), (None, None))"
5/15/2012,0.39,17.1,33.3,"(('61.8', 'S'), ('135.5', 'W'))"
5/4/2012,0.63,0,0,"(('76.7', 'N'), ('10.6', 'W'))"
4/23/2012,0.15,0,25.2,"(('36.2', 'N'), ('107.4', 'E'))"
4/21/2012,0.42,0,0,"(('15.8', 'S'), ('174.8', 'W'))"
4/19/2012,0.1,0,0,"(('5.5', 'N'), ('16.8', 'E'))"
4/2/2012,0.11,0,0,"(('28.1', 'N'), ('95.2', 'W'))"
3/12/2012,0.3,11.8,25,"(('2.5', 'N'), ('139.8', 'E'))"
3/3/2012,0.31,0,20.4,"(('7.8', 'N'), ('2.7', 'E'))"
3/1/2012,0.079,0,0,"(('46.9', 'N'), ('29.8', 'W'))"
2/24/2012,0.13,0,0,"(('22.7', 'S'), ('30.8', 'E'))"
2/17/2012,0.44,0,45.6,"(('3.2', 'S'), ('39.9', 'W'))"
2/16/2012,0.3,0,0,"(('9.8', 'N'), ('151.8', 'E'))"
2/12/2012,0.41,0,61,"(('31.7', 'S'), ('54.9', 'E'))"
2/4/2012,0.43,12.2,34.2,"(('32.4', 'N'), ('0.1', 'E'))"
1/15/2012,0.076,12.3,26.3,"(('64.1', 'S'), ('109.9', 'E'))"
1/11/2012,0.26,0,0,"(('32.2', 'N'), ('88.5', 'E'))"
12/19/2011,0.4,0,36.1,"(('30.2', 'S'), ('52.6', 'E'))"
12/14/2011,0.16,0,32.4,"(('62.9', 'S'), ('89.6', 'E'))"
12/11/2011,0.1,0,0,"((None, None), (None, None))"
11/20/2011,0.082,0,0,"(('27.9', 'S'), ('116.3', 'E'))"
10/12/2011,0.12,0,0,"(('26.4', 'S'), ('78.4', 'W'))"
9/13/2011,0.21,16.7,21.3,"(('19.9', 'S'), ('13.8', 'W'))"
8/31/2011,0.095,0,0,"(('18.6', 'N'), ('5.1', 'W'))"
8/20/2011,0.082,0,0,"(('27.2', 'S'), ('2.8', 'W'))"
8/18/2011,0.082,0,0,"((None, None), (None, None))"
8/11/2011,0.12,0,0,"((None, None), (None, None))"
8/4/2011,0.098,0,63,"(('40.7', 'S'), ('86.7', 'W'))"
7/27/2011,0.15,0,29.6,"(('45.3', 'S'), ('63.5', 'E'))"
7/7/2011,0.11,0,0,"((None, None), (None, None))"
7/5/2011,0.21,0,40.7,"(('29.1', 'N'), ('139.7', 'E'))"
7/4/2011,0.1,0,0,"(('51.7', 'S'), ('175.0', 'E'))"
6/16/2011,0.086,0,40.5,"(('67.3', 'N'), ('21.4', 'W'))"
5/25/2011,4.8,11.6,59,"(('4.1', 'N'), ('14.0', 'E'))"
5/16/2011,0.073,0,0,"(('1.2', 'S'), ('92.8', 'E'))"
4/27/2011,0.61,0,28.7,"(('1.4', 'N'), ('126.6', 'W'))"
4/27/2011,0.086,0,0,"((None, None), (None, None))"
4/17/2011,0.086,0,0,"((None, None), (None, None))"
4/11/2011,0.13,0,0,"((None, None), (None, None))"
4/6/2011,0.43,12.7,22.2,"(('71.1', 'N'), ('43.5', 'W'))"
3/24/2011,0.19,0,59,"(('0.6', 'N'), ('127.5', 'W'))"
3/23/2011,0.11,0,0,"((None, None), (None, None))"
3/23/2011,0.079,0,0,"(('16.8', 'S'), ('85.6', 'W'))"
3/1/2011,0.13,11.9,30.6,"(('53.5', 'N'), ('103.9', 'E'))"
2/21/2011,0.13,18,44.4,"(('26.3', 'N'), ('43.7', 'E'))"
2/12/2011,0.073,0,0,"(('7.8', 'N'), ('95.3', 'W'))"
1/21/2011,0.23,0,61,"(('18.9', 'N'), ('44.6', 'W'))"
1/8/2011,0.1,0,48,"(('33.3', 'N'), ('125.8', 'W'))"
12/25/2010,33,18.1,26,"(('38.0', 'N'), ('158.0', 'E'))"
12/14/2010,0.13,0,24,"(('4.9', 'S'), ('175.5', 'E'))"
12/9/2010,0.2,0,66,"(('54.5', 'S'), ('169.7', 'W'))"
12/1/2010,0.39,0,33.3,"(('72.5', 'S'), ('144.9', 'E'))"
11/21/2010,0.25,0,50,"(('1.9', 'N'), ('143.3', 'E'))"
11/19/2010,0.11,0,30,"(('10.3', 'S'), ('148.8', 'E'))"
11/10/2010,0.22,0,0,"(('74.5', 'N'), ('77.7', 'W'))"
11/9/2010,0.27,0,37,"(('56.3', 'S'), ('16.7', 'W'))"
11/9/2010,0.073,0,26,"(('14.0', 'S'), ('160.0', 'W'))"
10/27/2010,0.42,0,35.2,"(('14.1', 'S'), ('67.7', 'E'))"
10/8/2010,0.073,0,0,"((None, None), (None, None))"
9/24/2010,0.16,0,0,"(('67.4', 'S'), ('50.6', 'W'))"
9/18/2010,0.21,0,0,"(('7.4', 'N'), ('36.7', 'E'))"
9/8/2010,0.21,0,46.3,"(('13.9', 'S'), ('65.5', 'W'))"
9/5/2010,1.7,0,35.2,"(('25.9', 'S'), ('49.0', 'E'))"
9/3/2010,3.8,12.3,33.3,"(('61.0', 'S'), ('146.7', 'E'))"
8/17/2010,0.076,0,33.3,"(('20.7', 'N'), ('114.3', 'W'))"
8/12/2010,0.098,0,0,"((None, None), (None, None))"
8/5/2010,0.12,0,0,"(('21.5', 'S'), ('46.6', 'E'))"
7/15/2010,0.086,0,0,"(('60.9', 'N'), ('178.1', 'W'))"
7/6/2010,14,15.7,26,"(('34.1', 'S'), ('174.5', 'W'))"
6/26/2010,0.34,0,50,"(('0.5', 'S'), ('133.2', 'E'))"
6/21/2010,0.47,0,0,"(('22.5', 'S'), ('120.9', 'W'))"
6/17/2010,0.35,0,42,"(('26.1', 'S'), ('100.0', 'E'))"
4/17/2010,0.18,0,0,"(('13.1', 'N'), ('173.0', 'W'))"
4/16/2010,2,18.8,22.2,"(('1.8', 'N'), ('176.9', 'W'))"
4/6/2010,0.25,0,0,"(('52.8', 'N'), ('146.5', 'W'))"
3/18/2010,0.5,0,0,"(('32.4', 'S'), ('51.8', 'W'))"
3/15/2010,0.25,0,0,"((None, None), (None, None))"
3/14/2010,0.14,0,35.6,"(('33.8', 'N'), ('90.2', 'W'))"
3/8/2010,0.1,0,53,"(('18.2', 'N'), ('110.1', 'E'))"
3/8/2010,0.85,24.5,52,"(('32.0', 'N'), ('92.9', 'W'))"
2/28/2010,0.44,15.1,37,"(('48.7', 'N'), ('21.0', 'E'))"
2/26/2010,0.65,0,0,"(('37.3', 'S'), ('166.0', 'W'))"
2/24/2010,0.28,0,0,"(('2.6', 'S'), ('102.2', 'W'))"
1/15/2010,1.2,14,25,"(('8.3', 'S'), ('27.0', 'E'))"
12/31/2009,0.26,0,0,"((None, None), (None, None))"
12/31/2009,0.31,0,20.7,"(('37.9', 'N'), ('178.3', 'W'))"
11/25/2009,0.2,0,0,"(('52.8', 'S'), ('136.5', 'E'))"
11/21/2009,18,32.1,38,"(('22.0', 'S'), ('29.2', 'E'))"
11/18/2009,0.26,0,0,"((None, None), (None, None))"
11/18/2009,1.8,0,31.5,"(('40.4', 'N'), ('113.2', 'W'))"
11/14/2009,0.082,0,0,"((None, None), (None, None))"
11/7/2009,0.079,0,0,"(('45.5', 'N'), ('157.7', 'W'))"
11/7/2009,0.14,0,37,"(('24.0', 'N'), ('64.1', 'E'))"
10/11/2009,0.22,0,27.8,"(('78.3', 'S'), ('70.2', 'E'))"
10/8/2009,33,19.2,19.1,"(('4.2', 'S'), ('120.6', 'E'))"
9/27/2009,0.27,0,37,"(('36.0', 'S'), ('67.6', 'W'))"
9/18/2009,0.42,0,0,"(('7.7', 'N'), ('29.5', 'W'))"
9/4/2009,2.3,24,28.3,"(('42.5', 'N'), ('110.0', 'E'))"
8/23/2009,0.75,12.2,34,"(('67.7', 'S'), ('18.3', 'E'))"
7/31/2009,0.089,0,0,"(('8.9', 'N'), ('121.9', 'W'))"
7/16/2009,1.8,0,32.2,"(('24.4', 'S'), ('59.8', 'W'))"
7/3/2009,0.095,0,0,"((None, None), (None, None))"
6/27/2009,0.11,15.2,26.1,"(('26.6', 'S'), ('12.6', 'W'))"
6/20/2009,0.095,0,0,"((None, None), (None, None))"
6/18/2009,0.11,0,57.4,"(('23.7', 'S'), ('16.0', 'W'))"
6/9/2009,0.76,0,34.2,"(('54.9', 'N'), ('152.7', 'W'))"
5/31/2009,0.42,0,0,"(('19.7', 'N'), ('121.0', 'W'))"
5/13/2009,0.23,0,0,"((None, None), (None, None))"
5/4/2009,0.41,0,40.7,"(('36.4', 'N'), ('160.4', 'W'))"
4/20/2009,0.079,0,0,"(('6.0', 'N'), ('84.3', 'E'))"
4/10/2009,0.73,19.1,32.4,"(('44.7', 'S'), ('25.7', 'E'))"
3/15/2009,0.11,0,0,"(('21.7', 'S'), ('98.6', 'W'))"
3/4/2009,0.48,0,0,"((None, None), (None, None))"
3/1/2009,0.073,0,0,"((None, None), (None, None))"
2/20/2009,0.16,0,0,"(('64.9', 'S'), ('70.0', 'W'))"
2/7/2009,3.5,15.4,40,"(('56.6', 'N'), ('69.8', 'E'))"
1/12/2009,0.16,0,0,"(('47.8', 'N'), ('44.3', 'W'))"
1/10/2009,0.082,0,26.5,"(('64.0', 'S'), ('122.8', 'E'))"
12/24/2008,0.12,24.1,21.1,"(('68.9', 'S'), ('102.0', 'W'))"
12/12/2008,0.6,0,50,"(('7.0', 'S'), ('9.7', 'W'))"
12/9/2008,0.12,0,0,"((None, None), (None, None))"
11/24/2008,0.42,23.7,34.8,"(('57.9', 'S'), ('146.1', 'E'))"
11/21/2008,0.41,12.9,28.2,"(('53.1', 'N'), ('109.9', 'W'))"
11/18/2008,0.089,22.4,35.2,"(('29.4', 'S'), ('75.9', 'E'))"
11/9/2008,0.61,0,29.6,"(('14.5', 'N'), ('112.7', 'E'))"
10/21/2008,0.15,11.3,29.6,"(('32.8', 'N'), ('165.6', 'W'))"
10/10/2008,0.51,0,21.4,"(('57.3', 'S'), ('17.0', 'E'))"
10/7/2008,1,13.3,38.9,"(('20.9', 'N'), ('31.4', 'E'))"
9/9/2008,0.19,0,0,"((None, None), (None, None))"
8/16/2008,0.38,0,0,"(('11.3', 'N'), ('97.2', 'E'))"
8/12/2008,0.073,0,0,"(('11.6', 'S'), ('175.0', 'W'))"
8/7/2008,0.14,13.8,45.4,"(('18.5', 'N'), ('180.0', 'E'))"
7/23/2008,0.36,14.5,31.5,"(('38.6', 'N'), ('68.0', 'E'))"
7/22/2008,0.2,0,54.4,"(('17.8', 'S'), ('89.2', 'W'))"
7/11/2008,0.17,0,0,"((None, None), (None, None))"
7/8/2008,0.21,21.7,52.2,"(('72.8', 'N'), ('147.3', 'E'))"
7/1/2008,0.12,9.8,36.1,"(('37.1', 'N'), ('115.7', 'W'))"
6/27/2008,0.49,23.1,33.7,"(('26.9', 'S'), ('17.7', 'W'))"
6/18/2008,0.076,0,0,"(('6.1', 'N'), ('103.1', 'E'))"
5/29/2008,0.076,0,0,"(('15.7', 'N'), ('83.5', 'W'))"
5/24/2008,0.43,14.2,37,"(('0.8', 'N'), ('162.0', 'E'))"
5/22/2008,0.076,0,0,"(('46.9', 'N'), ('134.5', 'E'))"
5/15/2008,0.25,0,0,"(('28.0', 'N'), ('41.5', 'W'))"
5/6/2008,0.18,0,0,"((None, None), (None, None))"
4/30/2008,0.073,0,0,"(('33.6', 'S'), ('35.1', 'W'))"
4/7/2008,0.076,0,0,"(('31.8', 'S'), ('58.5', 'W'))"
4/6/2008,0.24,0,0,"((None, None), (None, None))"
3/15/2008,0.16,12.9,26.7,"(('28.0', 'N'), ('41.5', 'W'))"
2/24/2008,0.23,0,0,"((None, None), (None, None))"
2/19/2008,0.073,0,0,"(('48.9', 'N'), ('119.8', 'W'))"
2/18/2008,0.16,0,0,"((None, None), (None, None))"
2/17/2008,0.33,13.9,40.4,"(('74.9', 'N'), ('73.4', 'W'))"
2/16/2008,0.22,0,0,"((None, None), (None, None))"
1/18/2008,0.15,0,0,"((None, None), (None, None))"
1/9/2008,0.14,11.6,31.5,"(('66.8', 'S'), ('67.3', 'W'))"
12/26/2007,0.4,0,0,"(('61.6', 'S'), ('158.9', 'W'))"
12/20/2007,0.36,0,0,"(('51.3', 'N'), ('115.4', 'E'))"
10/25/2007,0.19,0,46.3,"(('40.9', 'S'), ('91.3', 'E'))"
10/12/2007,0.11,18.4,37,"(('88.5', 'N'), ('116.6', 'E'))"
10/7/2007,0.19,0,0,"(('35.2', 'S'), ('125.6', 'E'))"
9/22/2007,0.65,16.9,30.2,"(('49.2', 'S'), ('85.5', 'W'))"
6/11/2007,0.16,17,35.2,"(('23.4', 'S'), ('170.9', 'W'))"
6/8/2007,0.65,0,38.9,"(('52.0', 'S'), ('175.3', 'E'))"
6/7/2007,0.11,0,29.6,"(('21.9', 'N'), ('53.1', 'E'))"
5/16/2007,0.13,0,0,"(('4.5', 'S'), ('111.7', 'E'))"
5/16/2007,1,0,31.5,"(('42.4', 'S'), ('164.0', 'E'))"
5/4/2007,0.5,0,48,"(('22.9', 'N'), ('109.4', 'E'))"
4/18/2007,0.33,24.4,38,"(('83.7', 'S'), ('171.2', 'W'))"
4/16/2007,0.086,0,0,"((None, None), (None, None))"
3/17/2007,0.13,14.5,32.5,"(('7.1', 'N'), ('4.1', 'E'))"
3/15/2007,0.089,0,0,"(('44.1', 'S'), ('148.4', 'W'))"
3/7/2007,0.095,0,0,"((None, None), (None, None))"
2/2/2007,0.89,0,35.5,"(('24.0', 'N'), ('37.2', 'W'))"
1/26/2007,0.43,0,0,"(('3.7', 'N'), ('99.7', 'E'))"
1/22/2007,0.24,13.4,32,"(('45.4', 'N'), ('53.5', 'E'))"
1/18/2007,0.11,0,34.1,"(('5.3', 'N'), ('164.3', 'W'))"
1/17/2007,1.4,0,33.3,"(('8.7', 'S'), ('50.8', 'E'))"
1/1/2007,0.12,0,53,"(('44.4', 'N'), ('116.5', 'E'))"
12/9/2006,14,15.9,26.5,"(('26.2', 'N'), ('26.0', 'E'))"
12/7/2006,0.076,0,0,"(('14.0', 'N'), ('140.0', 'W'))"
12/1/2006,0.2,0,0,"(('13.0', 'S'), ('30.7', 'E'))"
11/13/2006,0.082,0,0,"(('44.0', 'S'), ('43.3', 'E'))"
10/24/2006,0.62,0,43,"(('1.9', 'S'), ('2.7', 'W'))"
10/14/2006,0.7,23.9,44.4,"(('49.4', 'N'), ('175.0', 'W'))"
10/9/2006,0.14,0,22.2,"(('47.0', 'S'), ('78.9', 'E'))"
10/7/2006,0.14,0,40.7,"(('23.0', 'S'), ('61.8', 'W'))"
10/2/2006,0.28,0,42,"(('14.0', 'N'), ('53.1', 'E'))"
9/27/2006,0.32,0,48.1,"(('32.0', 'S'), ('60.2', 'E'))"
9/23/2006,0.36,0,0,"(('29.0', 'S'), ('108.0', 'W'))"
9/2/2006,0.079,0,0,"((None, None), (None, None))"
9/2/2006,2.8,14.2,44.1,"(('14.0', 'S'), ('109.1', 'E'))"
8/29/2006,0.28,0,40.7,"(('44.0', 'S'), ('162.0', 'W'))"
8/18/2006,0.11,0,47.2,"(('43.0', 'S'), ('33.4', 'E'))"
8/17/2006,0.7,0,48.2,"(('11.0', 'S'), ('165.7', 'E'))"
8/15/2006,0.16,0,32.7,"(('4.9', 'N'), ('49.6', 'E'))"
8/9/2006,2.4,0,37,"(('23.1', 'S'), ('53.7', 'E'))"
7/15/2006,0.26,12.4,29.6,"(('78.3', 'S'), ('5.0', 'W'))"
7/15/2006,0.47,30.2,38.9,"(('31.1', 'N'), ('45.6', 'E'))"
6/7/2006,0.19,19.6,40.7,"(('69.2', 'N'), ('22.5', 'E'))"
5/28/2006,0.092,0,0,"((None, None), (None, None))"
5/21/2006,0.71,0,0,"(('11.6', 'S'), ('25.5', 'W'))"
5/7/2006,0.1,0,0,"((None, None), (None, None))"
5/6/2006,0.38,0,35.2,"(('60.2', 'S'), ('152.3', 'W'))"
4/25/2006,0.073,0,0,"((None, None), (None, None))"
4/8/2006,0.37,0,33.3,"(('17.3', 'N'), ('113.2', 'W'))"
4/4/2006,5,0,25,"(('26.6', 'N'), ('26.6', 'W'))"
3/14/2006,0.42,0,35.2,"(('7.0', 'N'), ('64.6', 'W'))"
2/26/2006,0.22,0,0,"((None, None), (None, None))"
2/6/2006,2.7,0,35.2,"(('54.5', 'S'), ('18.1', 'E'))"
2/4/2006,0.3,19.8,38.9,"(('36.9', 'N'), ('143.6', 'W'))"
1/28/2006,1.8,18.7,37,"(('51.7', 'S'), ('56.4', 'E'))"
1/27/2006,0.15,0,20,"(('58.7', 'N'), ('74.7', 'E'))"
1/26/2006,0.17,0,37,"(('79.8', 'S'), ('111.0', 'W'))"
1/10/2006,0.098,16.9,32.4,"(('29.8', 'N'), ('12.7', 'W'))"
1/8/2006,0.29,0,0,"(('7.6', 'N'), ('28.2', 'W'))"
12/29/2005,0.53,20.7,42.2,"(('3.0', 'S'), ('154.9', 'W'))"
12/24/2005,0.51,0,66,"(('54.0', 'S'), ('17.3', 'E'))"
12/3/2005,0.27,17,32.2,"(('33.8', 'S'), ('117.4', 'E'))"
12/1/2005,0.11,0,0,"(('6.4', 'S'), ('155.8', 'W'))"
11/29/2005,0.11,0,59.3,"(('7.6', 'N'), ('58.2', 'W'))"
11/15/2005,0.089,0,32.4,"(('26.3', 'N'), ('113.4', 'W'))"
11/11/2005,0.14,0,29.6,"(('21.4', 'N'), ('134.1', 'W'))"
11/9/2005,0.23,13.8,30.7,"(('31.0', 'S'), ('145.9', 'E'))"
11/2/2005,0.11,0,68.5,"(('33.9', 'N'), ('154.9', 'W'))"
11/2/2005,0.21,0,74,"(('22.9', 'N'), ('123.8', 'W'))"
10/26/2005,0.4,0,16.7,"(('36.3', 'S'), ('80.5', 'W'))"
9/30/2005,0.079,0,53,"(('2.8', 'S'), ('84.1', 'W'))"
9/14/2005,0.089,0,33.3,"(('11.6', 'N'), ('27.3', 'E'))"
9/2/2005,0.25,0,0,"(('13.5', 'N'), ('73.1', 'E'))"
8/20/2005,0.095,0,0,"((None, None), (None, None))"
8/9/2005,0.089,16.9,37,"(('21.5', 'S'), ('56.2', 'E'))"
7/1/2005,0.11,0,50,"(('49.8', 'S'), ('33.1', 'E'))"
6/18/2005,0.082,0,0,"(('47.9', 'N'), ('85.6', 'E'))"
6/5/2005,0.14,0,0,"(('34.8', 'N'), ('90.9', 'E'))"
6/3/2005,0.25,26.2,29.6,"(('31.0', 'S'), ('90.3', 'W'))"
5/27/2005,0.073,0,50.5,"(('48.9', 'S'), ('145.1', 'E'))"
5/14/2005,0.38,0,0,"((None, None), (None, None))"
5/7/2005,0.092,16.6,15.2,"(('75.8', 'S'), ('163.7', 'E'))"
5/2/2005,0.15,0,0,"(('17.7', 'N'), ('36.0', 'E'))"
4/22/2005,0.079,0,37,"(('20.9', 'N'), ('36.7', 'W'))"
4/19/2005,0.64,16.8,38.5,"(('50.2', 'S'), ('146.4', 'W'))"
4/16/2005,0.073,0,0,"((None, None), (None, None))"
4/15/2005,0.076,0,39,"(('43.8', 'S'), ('73.9', 'W'))"
4/14/2005,0.22,0,26.5,"(('4.9', 'N'), ('176.0', 'W'))"
4/11/2005,0.32,0,37,"(('34.2', 'S'), ('95.7', 'W'))"
4/6/2005,0.1,0,70,"(('42.7', 'S'), ('154.6', 'E'))"
4/5/2005,0.12,0,0,"((None, None), (None, None))"
4/3/2005,0.61,0,59.2,"(('1.0', 'S'), ('112.4', 'E'))"
4/2/2005,0.57,0,27.2,"(('14.1', 'N'), ('169.7', 'E'))"
3/31/2005,0.13,0,0,"(('42.8', 'N'), ('36.2', 'W'))"
3/18/2005,0.095,0,33,"(('9.7', 'S'), ('34.7', 'W'))"
3/12/2005,0.079,0,0,"((None, None), (None, None))"
3/9/2005,0.17,0,44.4,"(('21.4', 'S'), ('157.9', 'W'))"
3/9/2005,0.13,0,30.7,"(('14.3', 'N'), ('142.7', 'E'))"
3/6/2005,0.18,0,0,"((None, None), (None, None))"
2/22/2005,0.14,0,0,"((None, None), (None, None))"
2/17/2005,0.3,0,42.5,"(('48.0', 'N'), ('161.5', 'W'))"
1/19/2005,0.41,0,40.7,"(('27.5', 'S'), ('164.9', 'W'))"
1/2/2005,0.35,21.5,35.2,"(('21.3', 'S'), ('154.7', 'E'))"
1/1/2005,1.2,0,31.8,"(('32.7', 'N'), ('12.4', 'E'))"
12/29/2004,0.28,0,0,"(('8.5', 'S'), ('171.8', 'E'))"
12/13/2004,0.13,0,0,"(('9.7', 'S'), ('155.3', 'E'))"
12/11/2004,0.1,0,0,"(('36.0', 'N'), ('104.1', 'E'))"
11/30/2004,0.51,0,0,"(('61.0', 'N'), ('171.0', 'W'))"
11/17/2004,0.52,0,0,"((None, None), (None, None))"
10/14/2004,0.28,0,0,"((None, None), (None, None))"
10/10/2004,0.1,0,0,"((None, None), (None, None))"
10/7/2004,18,19.2,35,"(('27.3', 'S'), ('71.5', 'E'))"
10/4/2004,0.22,0,0,"(('3.7', 'N'), ('150.9', 'W'))"
9/28/2004,0.2,0,0,"(('0.2', 'N'), ('101.1', 'W'))"
9/3/2004,13,0,31.5,"(('67.7', 'S'), ('18.2', 'E'))"
8/22/2004,3.2,0,37,"(('51.9', 'S'), ('22.7', 'E'))"
7/29/2004,0.089,0,0,"((None, None), (None, None))"
7/25/2004,0.55,0,0,"((None, None), (None, None))"
7/22/2004,0.12,0,0,"((None, None), (None, None))"
7/16/2004,0.1,0,0,"((None, None), (None, None))"
7/4/2004,0.25,0,0,"((None, None), (None, None))"
7/3/2004,0.21,0,0,"((None, None), (None, None))"
6/12/2004,0.31,0,0,"(('21.7', 'N'), ('175.3', 'E'))"
6/11/2004,0.31,0,0,"((None, None), (None, None))"
6/5/2004,3.9,19.5,43,"(('1.3', 'N'), ('174.4', 'W'))"
6/4/2004,0.89,0,0,"((None, None), (None, None))"
6/3/2004,0.16,0,0,"((None, None), (None, None))"
6/3/2004,0.18,0,0,"(('48.9', 'N'), ('120.4', 'W'))"
5/18/2004,1,0,0,"(('28.1', 'S'), ('47.4', 'W'))"
5/17/2004,0.18,0,44,"(('18.9', 'S'), ('28.3', 'E'))"
5/6/2004,0.16,0,0,"((None, None), (None, None))"
4/23/2004,0.18,0,0,"((None, None), (None, None))"
4/22/2004,0.41,0,0,"(('15.2', 'S'), ('55.1', 'E'))"
4/22/2004,1.5,16.3,29.6,"(('44.3', 'S'), ('83.3', 'E'))"
4/6/2004,1.1,25.6,35,"(('12.0', 'S'), ('162.8', 'E'))"
3/26/2004,0.086,0,46,"(('7.6', 'S'), ('155.1', 'E'))"
3/25/2004,0.076,0,0,"(('4.8', 'S'), ('21.0', 'E'))"
2/27/2004,0.19,0,0,"((None, None), (None, None))"
2/2/2004,0.1,0,0,"(('18.3', 'S'), ('52.3', 'E'))"
1/22/2004,0.64,0,37,"(('50.6', 'S'), ('157.8', 'E'))"
1/17/2004,0.098,0,0,"((None, None), (None, None))"
1/16/2004,0.3,0,0,"((None, None), (None, None))"
1/2/2004,0.39,0,63,"(('28.2', 'S'), ('3.2', 'E'))"
12/9/2003,1.6,0,0,"(('67.1', 'S'), ('90.8', 'W'))"
11/26/2003,0.12,0,32,"(('22.9', 'S'), ('22.7', 'E'))"
11/10/2003,1.3,20.1,23,"(('64.5', 'S'), ('136.2', 'E'))"
11/1/2003,0.23,0,0,"(('51.4', 'S'), ('151.7', 'E'))"
10/16/2003,0.77,0,0,"((None, None), (None, None))"
10/13/2003,0.1,0,0,"((None, None), (None, None))"
10/7/2003,0.13,0,0,"((None, None), (None, None))"
9/27/2003,4.6,18.2,26,"(('21.0', 'N'), ('86.6', 'E'))"
9/22/2003,0.11,0,0,"((None, None), (None, None))"
9/21/2003,0.073,0,0,"((None, None), (None, None))"
9/20/2003,0.1,0,0,"((None, None), (None, None))"
9/2/2003,1,0,0,"(('51.3', 'N'), ('161.0', 'W'))"
8/26/2003,0.23,0,0,"((None, None), (None, None))"
8/26/2003,0.68,0,0,"((None, None), (None, None))"
8/17/2003,1.6,0,0,"(('39.0', 'S'), ('34.0', 'E'))"
8/1/2003,0.076,0,0,"((None, None), (None, None))"
7/21/2003,0.19,0,0,"((None, None), (None, None))"
6/22/2003,0.076,0,0,"((None, None), (None, None))"
6/21/2003,0.13,0,0,"((None, None), (None, None))"
6/16/2003,0.21,0,0,"((None, None), (None, None))"
6/10/2003,0.11,0,0,"(('41.8', 'S'), ('122.9', 'E'))"
5/27/2003,0.22,0,0,"(('5.2', 'N'), ('166.2', 'E'))"
5/19/2003,1.3,0,0,"((None, None), (None, None))"
5/18/2003,0.076,0,0,"((None, None), (None, None))"
5/15/2003,0.14,0,0,"(('54.0', 'N'), ('80.4', 'W'))"
4/28/2003,0.082,0,0,"((None, None), (None, None))"
4/13/2003,0.5,0,17,"(('14.8', 'N'), ('64.5', 'E'))"
4/7/2003,0.079,0,0,"(('18.4', 'S'), ('162.6', 'E'))"
4/1/2003,0.11,0,0,"((None, None), (None, None))"
3/27/2003,0.41,0,45,"(('41.4', 'N'), ('87.7', 'W'))"
2/25/2003,0.11,0,0,"(('40.0', 'N'), ('116.0', 'E'))"
2/12/2003,0.25,0,0,"((None, None), (None, None))"
2/12/2003,0.36,0,0,"(('31.5', 'S'), ('107.5', 'E'))"
2/6/2003,0.55,0,0,"(('62.9', 'S'), ('113.9', 'W'))"
2/5/2003,0.31,0,0,"((None, None), (None, None))"
2/4/2003,0.4,0,0,"(('59.9', 'S'), ('41.0', 'E'))"
1/30/2003,0.32,0,0,"((None, None), (None, None))"
11/28/2002,0.15,0,0,"((None, None), (None, None))"
11/21/2002,0.66,0,0,"(('1.4', 'S'), ('154.0', 'W'))"
11/12/2002,0.14,0,0,"(('21.1', 'S'), ('6.8', 'W'))"
11/10/2002,1.2,0,0,"(('16.0', 'N'), ('166.0', 'W'))"
10/9/2002,0.16,0,0,"(('4.3', 'S'), ('175.9', 'W'))"
10/4/2002,0.35,0,0,"((None, None), (None, None))"
9/24/2002,2,0,0,"(('57.9', 'N'), ('112.9', 'E'))"
8/14/2002,0.28,0,0,"(('6.9', 'S'), ('126.2', 'W'))"
8/11/2002,3.3,0,0,"(('18.2', 'S'), ('159.4', 'E'))"
8/10/2002,0.089,0,0,"((None, None), (None, None))"
7/25/2002,0.63,0,0,"(('28.7', 'S'), ('47.0', 'E'))"
7/22/2002,0.17,0,0,"(('34.0', 'N'), ('106.1', 'E'))"
6/29/2002,0.46,0,0,"((None, None), (None, None))"
6/15/2002,0.1,0,0,"((None, None), (None, None))"
6/13/2002,0.54,0,0,"(('24.9', 'S'), ('111.4', 'E'))"
6/2/2002,8.8,0,0,"(('34.0', 'N'), ('21.0', 'E'))"
4/3/2002,0.51,0,0,"(('5.3', 'S'), ('27.1', 'E'))"
4/2/2002,0.11,0,0,"((None, None), (None, None))"
3/28/2002,0.095,0,0,"((None, None), (None, None))"
3/19/2002,0.26,0,0,"((None, None), (None, None))"
3/19/2002,0.17,0,0,"((None, None), (None, None))"
3/18/2002,0.073,0,0,"(('60.4', 'S'), ('120.5', 'W'))"
3/9/2002,0.68,0,0,"(('6.9', 'N'), ('147.3', 'W'))"
3/3/2002,0.25,0,0,"(('37.5', 'N'), ('154.0', 'E'))"
3/1/2002,0.13,0,0,"(('29.2', 'N'), ('66.8', 'W'))"
2/9/2002,0.22,0,0,"(('17.7', 'S'), ('138.7', 'E'))"
2/1/2002,0.22,0,0,"(('60.7', 'N'), ('116.6', 'E'))"
1/20/2002,0.31,0,0,"(('48.4', 'N'), ('165.0', 'W'))"
1/3/2002,0.36,0,0,"((None, None), (None, None))"
12/14/2001,0.44,0,0,"((None, None), (None, None))"
12/12/2001,0.3,0,0,"((None, None), (None, None))"
11/26/2001,0.54,0,0,"((None, None), (None, None))"
11/13/2001,0.83,0,0,"((None, None), (None, None))"
11/11/2001,0.38,0,0,"((None, None), (None, None))"
10/27/2001,0.12,0,0,"(('52.7', 'N'), ('3.8', 'E'))"
10/14/2001,0.27,0,0,"((None, None), (None, None))"
10/12/2001,0.2,0,0,"((None, None), (None, None))"
10/6/2001,0.45,0,0,"((None, None), (None, None))"
9/25/2001,0.14,0,0,"((None, None), (None, None))"
8/26/2001,0.13,0,0,"((None, None), (None, None))"
8/18/2001,0.13,0,0,"((None, None), (None, None))"
7/26/2001,0.86,0,0,"(('0.4', 'N'), ('84.8', 'E'))"
7/23/2001,2.8,0,0,"(('41.0', 'N'), ('77.0', 'W'))"
5/6/2001,0.16,0,0,"((None, None), (None, None))"
4/27/2001,0.38,0,0,"((None, None), (None, None))"
4/23/2001,9,0,29,"(('28.0', 'N'), ('133.6', 'W'))"
4/14/2001,0.086,0,0,"((None, None), (None, None))"
4/13/2001,0.68,0,0,"(('15.3', 'S'), ('162.4', 'E'))"
2/9/2001,0.32,0,0,"((None, None), (None, None))"
2/4/2001,0.44,0,0,"(('64.0', 'S'), ('97.3', 'E'))"
1/28/2001,0.32,0,0,"(('66.0', 'N'), ('31.3', 'E'))"
12/15/2000,0.71,0,0,"(('41.3', 'N'), ('95.2', 'E'))"
12/15/2000,0.095,0,0,"(('50.4', 'N'), ('58.9', 'E'))"
11/28/2000,0.35,0,0,"((None, None), (None, None))"
11/13/2000,0.21,0,0,"(('13.6', 'S'), ('5.8', 'W'))"
11/6/2000,0.22,0,0,"(('52.0', 'S'), ('22.2', 'W'))"
10/11/2000,0.25,0,0,"(('31.7', 'S'), ('5.5', 'W'))"
9/24/2000,0.095,0,0,"((None, None), (None, None))"
9/23/2000,0.079,0,0,"(('58.5', 'S'), ('142.6', 'E'))"
9/19/2000,0.27,0,0,"(('3.2', 'S'), ('133.8', 'W'))"
8/25/2000,3.1,0,0,"(('14.5', 'N'), ('106.1', 'W'))"
8/13/2000,0.21,0,0,"(('36.7', 'N'), ('127.8', 'W'))"
8/1/2000,0.51,0,0,"(('50.2', 'S'), ('101.9', 'W'))"
7/31/2000,0.13,0,0,"(('15.7', 'N'), ('138.5', 'W'))"
7/19/2000,0.32,0,0,"(('17.7', 'S'), ('94.1', 'E'))"
7/15/2000,0.076,0,0,"(('46.6', 'S'), ('163.3', 'E'))"
7/9/2000,0.36,0,0,"((None, None), (None, None))"
7/7/2000,0.21,0,0,"(('15.0', 'N'), ('140.7', 'E'))"
6/27/2000,0.095,0,0,"(('34.9', 'N'), ('36.8', 'E'))"
6/23/2000,0.073,0,0,"(('69.2', 'N'), ('44.0', 'W'))"
6/22/2000,0.1,0,0,"(('32.9', 'N'), ('159.0', 'E'))"
6/18/2000,0.39,0,0,"((None, None), (None, None))"
6/14/2000,0.42,0,48,"(('28.1', 'N'), ('107.3', 'E'))"
6/4/2000,0.53,0,0,"((None, None), (None, None))"
6/3/2000,0.1,0,0,"(('36.8', 'N'), ('74.8', 'W'))"
6/2/2000,0.1,0,0,"(('27.5', 'S'), ('18.9', 'W'))"
5/29/2000,0.19,0,0,"((None, None), (None, None))"
5/6/2000,0.098,0,0,"(('49.9', 'N'), ('18.4', 'E'))"
5/3/2000,0.19,0,0,"(('5.0', 'S'), ('73.0', 'E'))"
4/21/2000,0.27,0,0,"((None, None), (None, None))"
4/4/2000,0.082,0,0,"((None, None), (None, None))"
3/28/2000,0.2,0,0,"(('1.0', 'N'), ('98.3', 'E'))"
3/19/2000,0.16,0,0,"((None, None), (None, None))"
3/6/2000,2.2,0,0,"(('58.0', 'N'), ('175.0', 'E'))"
2/18/2000,7.3,0,0,"(('0.9', 'S'), ('109.2', 'E'))"
2/17/2000,0.079,0,0,"(('14.2', 'N'), ('115.9', 'E'))"
1/18/2000,2.4,0,0,"(('60.3', 'N'), ('134.6', 'W'))"
1/18/2000,0.12,0,0,"(('24.3', 'N'), ('94.9', 'W'))"
12/16/1999,0.21,0,0,"(('26.5', 'S'), ('11.3', 'W'))"
12/11/1999,0.74,0,0,"((None, None), (None, None))"
12/10/1999,0.098,0,0,"((None, None), (None, None))"
12/3/1999,0.14,0,0,"((None, None), (None, None))"
12/1/1999,0.082,0,0,"((None, None), (None, None))"
11/30/1999,0.15,0,0,"((None, None), (None, None))"
11/15/1999,0.23,0,0,"(('8.1', 'S'), ('75.4', 'E'))"
11/7/1999,0.27,0,0,"(('2.3', 'S'), ('77.4', 'W'))"
10/26/1999,0.27,0,0,"(('13.7', 'N'), ('70.8', 'W'))"
9/8/1999,0.098,0,0,"(('22.4', 'N'), ('0.2', 'E'))"
9/8/1999,0.28,0,32,"(('32.5', 'N'), ('104.6', 'E'))"
8/16/1999,0.12,0,0,"(('35.0', 'N'), ('107.2', 'W'))"
8/6/1999,0.22,0,0,"((None, None), (None, None))"
8/3/1999,0.93,0,0,"(('64.7', 'S'), ('18.8', 'W'))"
7/10/1999,0.86,0,52,"(('37.8', 'S'), ('39.6', 'E'))"
7/7/1999,0.41,0,0,"(('39.5', 'S'), ('174.4', 'E'))"
6/25/1999,0.37,0,69,"(('50.0', 'N'), ('121.0', 'E'))"
5/23/1999,0.092,0,0,"(('16.4', 'S'), ('116.3', 'W'))"
4/26/1999,0.28,0,0,"(('22.5', 'S'), ('6.5', 'E'))"
4/26/1999,0.11,0,0,"(('32.8', 'S'), ('159.1', 'E'))"
3/31/1999,0.64,0,0,"(('17.9', 'S'), ('22.6', 'E'))"
3/28/1999,0.81,0,0,"(('0.8', 'N'), ('97.6', 'E'))"
3/2/1999,0.19,0,0,"(('18.9', 'N'), ('50.5', 'E'))"
2/18/1999,0.44,0,0,"(('54.9', 'S'), ('64.6', 'W'))"
2/1/1999,0.098,0,0,"(('80.0', 'N'), ('154.2', 'E'))"
1/19/1999,0.086,0,0,"(('7.9', 'N'), ('85.8', 'E'))"
1/14/1999,9.8,0,32,"(('44.0', 'S'), ('129.7', 'W'))"
1/12/1999,0.14,0,0,"((None, None), (None, None))"
1/11/1999,0.086,0,0,"((None, None), (None, None))"
1/2/1999,0.12,0,65,"(('47.0', 'N'), ('103.0', 'E'))"
12/22/1998,0.095,0,0,"((None, None), (None, None))"
11/23/1998,0.089,0,0,"(('82.3', 'N'), ('160.1', 'E'))"
11/11/1998,1.6,0,0,"(('6.5', 'N'), ('156.4', 'E'))"
10/3/1998,0.11,0,0,"((None, None), (None, None))"
9/4/1998,0.38,0,0,"((None, None), (None, None))"
9/1/1998,0.086,0,0,"(('34.6', 'N'), ('23.6', 'E'))"
8/30/1998,0.14,0,0,"((None, None), (None, None))"
8/8/1998,0.082,0,0,"((None, None), (None, None))"
7/28/1998,0.2,0,0,"((None, None), (None, None))"
3/24/1998,0.095,0,0,"((None, None), (None, None))"
3/22/1998,0.41,0,0,"(('1.4', 'N'), ('26.6', 'E'))"
1/8/1998,0.2,0,0,"((None, None), (None, None))"
1/4/1998,0.23,17.1,30,"(('35.1', 'S'), ('33.4', 'E'))"
12/28/1997,0.11,0,0,"(('23.1', 'S'), ('152.4', 'E'))"
12/9/1997,0.73,0,0,"(('62.7', 'N'), ('49.9', 'W'))"
11/7/1997,1.9,0,0,"(('57.3', 'S'), ('167.2', 'E'))"
10/9/1997,0.53,0,37,"(('31.8', 'N'), ('106.0', 'W'))"
10/1/1997,0.2,0,0,"(('46.7', 'N'), ('108.9', 'E'))"
9/30/1997,0.082,0,0,"(('38.1', 'S'), ('63.9', 'E'))"
9/5/1997,0.53,0,0,"(('31.1', 'S'), ('56.4', 'E'))"
8/20/1997,0.092,0,0,"((None, None), (None, None))"
8/15/1997,0.079,0,0,"((None, None), (None, None))"
7/30/1997,0.16,0,0,"((None, None), (None, None))"
7/4/1997,0.095,0,0,"(('15.8', 'S'), ('175.8', 'W'))"
5/22/1997,0.15,0,0,"((None, None), (None, None))"
4/27/1997,0.86,0,0,"(('16.7', 'N'), ('87.5', 'E'))"
2/19/1997,0.41,0,0,"(('16.3', 'S'), ('87.7', 'W'))"
2/15/1997,0.43,0,0,"(('35.5', 'N'), ('115.6', 'E'))"
2/6/1997,0.092,0,0,"((None, None), (None, None))"
1/28/1997,0.086,0,0,"((None, None), (None, None))"
1/23/1997,0.73,0,0,"(('15.0', 'S'), ('94.2', 'E'))"
1/22/1997,1.2,0,0,"(('32.2', 'N'), ('29.0', 'E'))"
1/4/1997,0.14,0,0,"(('25.7', 'N'), ('5.3', 'W'))"
1/3/1997,0.92,0,0,"((None, None), (None, None))"
12/17/1996,0.14,0,0,"(('34.1', 'N'), ('37.2', 'W'))"
12/10/1996,0.68,0,0,"((None, None), (None, None))"
12/4/1996,0.16,0,0,"((None, None), (None, None))"
12/1/1996,0.2,0,0,"((None, None), (None, None))"
11/22/1996,0.22,0,0,"((None, None), (None, None))"
11/8/1996,0.2,0,0,"((None, None), (None, None))"
10/30/1996,0.076,0,0,"(('2.1', 'S'), ('123.1', 'W'))"
10/28/1996,0.14,0,0,"(('27.4', 'N'), ('79.4', 'W'))"
10/23/1996,0.15,0,0,"(('47.3', 'S'), ('20.6', 'E'))"
10/19/1996,0.38,0,0,"(('29.7', 'N'), ('34.7', 'W'))"
10/7/1996,0.15,0,0,"((None, None), (None, None))"
10/5/1996,0.68,0,0,"(('49.6', 'S'), ('145.9', 'E'))"
8/17/1996,0.12,0,0,"((None, None), (None, None))"
8/15/1996,0.26,0,0,"((None, None), (None, None))"
8/9/1996,0.1,0,0,"((None, None), (None, None))"
8/7/1996,0.43,0,0,"((None, None), (None, None))"
8/6/1996,0.38,0,0,"((None, None), (None, None))"
8/5/1996,0.61,0,0,"((None, None), (None, None))"
8/5/1996,0.25,0,0,"((None, None), (None, None))"
7/17/1996,0.16,0,0,"(('31.8', 'N'), ('111.4', 'E'))"
7/12/1996,0.11,0,0,"(('20.7', 'N'), ('93.6', 'W'))"
6/25/1996,0.076,0,0,"((None, None), (None, None))"
5/8/1996,0.098,0,0,"((None, None), (None, None))"
5/1/1996,0.12,0,0,"((None, None), (None, None))"
3/31/1996,0.095,0,0,"((None, None), (None, None))"
3/30/1996,0.36,0,0,"(('31.1', 'S'), ('84.3', 'W'))"
3/29/1996,0.38,0,0,"(('21.5', 'N'), ('158.1', 'W'))"
3/25/1996,0.15,0,0,"((None, None), (None, None))"
3/13/1996,0.63,0,0,"((None, None), (None, None))"
2/16/1996,0.18,0,0,"((None, None), (None, None))"
2/15/1996,0.16,0,0,"(('76.0', 'N'), ('127.0', 'W'))"
1/18/1996,0.36,0,0,"((None, None), (None, None))"
1/15/1996,0.71,0,0,"(('59.8', 'S'), ('175.8', 'E'))"
12/27/1995,0.079,0,0,"((None, None), (None, None))"
12/22/1995,1.1,0,0,"(('70.2', 'S'), ('73.3', 'W'))"
12/9/1995,0.36,0,0,"(('2.9', 'S'), ('79.0', 'W'))"
11/25/1995,0.1,0,0,"((None, None), (None, None))"
11/13/1995,0.076,0,0,"((None, None), (None, None))"
10/1/1995,0.12,0,0,"((None, None), (None, None))"
9/9/1995,1.3,0,0,"((None, None), (None, None))"
8/24/1995,0.36,0,0,"((None, None), (None, None))"
8/17/1995,0.46,0,0,"((None, None), (None, None))"
8/6/1995,0.18,0,0,"((None, None), (None, None))"
8/5/1995,0.56,0,0,"(('11.6', 'N'), ('104.3', 'W'))"
7/11/1995,0.38,0,0,"(('28.5', 'S'), ('93.3', 'E'))"
7/9/1995,0.089,0,0,"(('0.9', 'S'), ('66.3', 'E'))"
7/7/1995,0.41,0,0,"(('40.2', 'N'), ('76.1', 'W'))"
6/9/1995,0.089,0,0,"((None, None), (None, None))"
4/2/1995,0.089,0,0,"((None, None), (None, None))"
2/16/1995,0.19,0,0,"(('16.7', 'N'), ('141.7', 'W'))"
1/18/1995,0.22,0,0,"(('51.5', 'N'), ('115.4', 'E'))"
1/10/1995,0.089,0,0,"((None, None), (None, None))"
1/4/1995,0.14,0,0,"(('46.4', 'N'), ('12.1', 'E'))"
1/2/1995,0.1,0,0,"((None, None), (None, None))"
12/18/1994,0.16,0,0,"((None, None), (None, None))"
12/16/1994,0.16,0,0,"(('42.2', 'S'), ('27.6', 'E'))"
11/3/1994,5,0,0,"(('6.5', 'N'), ('89.0', 'E'))"
11/1/1994,2.3,0,0,"(('1.5', 'S'), ('84.5', 'W'))"
10/27/1994,0.85,0,0,"((None, None), (None, None))"
10/20/1994,0.27,0,0,"(('45.2', 'S'), ('1.9', 'W'))"
10/8/1994,0.21,0,0,"((None, None), (None, None))"
9/22/1994,0.21,0,0,"((None, None), (None, None))"
8/15/1994,0.47,0,0,"((None, None), (None, None))"
6/15/1994,0.14,0,0,"(('45.0', 'N'), ('73.5', 'W'))"
6/3/1994,1.3,0,0,"((None, None), (None, None))"
5/29/1994,1,0,0,"(('52.8', 'N'), ('2.3', 'E'))"
2/1/1994,30,0,0,"(('2.7', 'N'), ('164.1', 'E'))"
11/29/1993,0.092,0,0,"(('26.5', 'N'), ('78.3', 'E'))"
10/31/1993,0.13,0,0,"(('51.3', 'N'), ('100.9', 'W'))"
10/4/1991,1.4,0,0,"(('78.7', 'N'), ('6.3', 'E'))"
10/1/1990,5.2,0,0,"(('7.5', 'N'), ('142.8', 'E'))"
4/15/1988,14,0,0,"(('4.1', 'S'), ('124.3', 'E'))"
